{"hdmapVersion":"1.500000","hdmapDistrict":"0","nodeList":[{"laneId":"lane_0","length":9700,"leftOutList":[],"rightOutList":[],"cost":3960.166814668291,"centralCurve":{"segmentList":[{"lineSegment":{"pointList":[{"x":592723.6413850784,"y":4129723.650390625,"z":0},{"x":592719.8687744141,"y":4134723.648956299,"z":0},{"x":592719.6838417053,"y":4134968.747528076,"z":0},{"x":592716.322520256,"y":4139423.6474609375,"z":0}]},"s":0,"startPosition":{"x":592723.6413850784,"y":4129723.650390625,"z":0},"length":9700}]},"isVirtual":false,"roadId":"road_0"}],"edgeList":[]}